what,kind,bundleId,bundleVersion,description,time
deactivated,workbench,org.eclipse.ui.workbench,3.7.1.v20120104-1859,"",1522902536871
activated,workbench,org.eclipse.ui.workbench,3.7.1.v20120104-1859,"",1522902542715
executed,command,org.eclipse.ui,3.7.0.v20110928-1505,"org.eclipse.ui.file.save",1522902551745
deactivated,workbench,org.eclipse.ui.workbench,3.7.1.v20120104-1859,"",1522902552786
activated,workbench,org.eclipse.ui.workbench,3.7.1.v20120104-1859,"",1522902556351
deactivated,workbench,org.eclipse.ui.workbench,3.7.1.v20120104-1859,"",1522902559047
activated,workbench,org.eclipse.ui.workbench,3.7.1.v20120104-1859,"",1522902565183
deactivated,workbench,org.eclipse.ui.workbench,3.7.1.v20120104-1859,"",1522902565193
activated,workbench,org.eclipse.ui.workbench,3.7.1.v20120104-1859,"",1522902613037
deactivated,workbench,org.eclipse.ui.workbench,3.7.1.v20120104-1859,"",1522902614174
activated,workbench,org.eclipse.ui.workbench,3.7.1.v20120104-1859,"",1522902629497
deactivated,workbench,org.eclipse.ui.workbench,3.7.1.v20120104-1859,"",1522902787336
activated,workbench,org.eclipse.ui.workbench,3.7.1.v20120104-1859,"",1522902809505
deactivated,workbench,org.eclipse.ui.workbench,3.7.1.v20120104-1859,"",1522902843270
activated,workbench,org.eclipse.ui.workbench,3.7.1.v20120104-1859,"",1522902878278
deactivated,workbench,org.eclipse.ui.workbench,3.7.1.v20120104-1859,"",1522902879600
activated,workbench,org.eclipse.ui.workbench,3.7.1.v20120104-1859,"",1522902880693
deactivated,workbench,org.eclipse.ui.workbench,3.7.1.v20120104-1859,"",1522902881259
activated,workbench,org.eclipse.ui.workbench,3.7.1.v20120104-1859,"",1522902909277
deactivated,workbench,org.eclipse.ui.workbench,3.7.1.v20120104-1859,"",1522902913002
activated,workbench,org.eclipse.ui.workbench,3.7.1.v20120104-1859,"",1522902952246
activated,view,org.eclipse.ui.navigator.resources,3.4.300.v20110928-1505,"org.eclipse.ui.navigator.ProjectExplorer",1522902953301
deactivated,workbench,org.eclipse.ui.workbench,3.7.1.v20120104-1859,"",1522902961010
activated,workbench,org.eclipse.ui.workbench,3.7.1.v20120104-1859,"",1522902961965
closed,editor,org.eclipse.cdt.ui,5.3.2.201202111925,"org.eclipse.cdt.ui.editor.CEditor",1522902962165
closed,editor,org.eclipse.cdt.ui,5.3.2.201202111925,"org.eclipse.cdt.ui.editor.CEditor",1522902962245
closed,editor,org.eclipse.cdt.ui,5.3.2.201202111925,"org.eclipse.cdt.ui.editor.CEditor",1522902962275
closed,editor,org.eclipse.cdt.ui,5.3.2.201202111925,"org.eclipse.cdt.ui.editor.CEditor",1522902962325
deactivated,workbench,org.eclipse.ui.workbench,3.7.1.v20120104-1859,"",1522902965055
activated,workbench,org.eclipse.ui.workbench,3.7.1.v20120104-1859,"",1522902979459
executed,command,org.eclipse.ui,3.7.0.v20110928-1505,"org.eclipse.ui.file.refresh",1522902981547
deactivated,workbench,org.eclipse.ui.workbench,3.7.1.v20120104-1859,"",1522902981873
activated,workbench,org.eclipse.ui.workbench,3.7.1.v20120104-1859,"",1522902983398
deactivated,workbench,org.eclipse.ui.workbench,3.7.1.v20120104-1859,"",1522902983708
activated,workbench,org.eclipse.ui.workbench,3.7.1.v20120104-1859,"",1522902985562
opened,editor,org.eclipse.cdt.ui,5.3.2.201202111925,"org.eclipse.cdt.ui.editor.CEditor",1522902985777
activated,editor,org.eclipse.cdt.ui,5.3.2.201202111925,"org.eclipse.cdt.ui.editor.CEditor",1522902985907
deactivated,workbench,org.eclipse.ui.workbench,3.7.1.v20120104-1859,"",1522902989107
activated,workbench,org.eclipse.ui.workbench,3.7.1.v20120104-1859,"",1522902999921
error,log,,,"Project Ass1 is closed",1522903001877
deactivated,workbench,org.eclipse.ui.workbench,3.7.1.v20120104-1859,"",1522903001897
activated,workbench,org.eclipse.ui.workbench,3.7.1.v20120104-1859,"",1522903002960
activated,view,org.eclipse.ui.navigator.resources,3.4.300.v20110928-1505,"org.eclipse.ui.navigator.ProjectExplorer",1522903006187
deactivated,workbench,org.eclipse.ui.workbench,3.7.1.v20120104-1859,"",1522903008236
activated,workbench,org.eclipse.ui.workbench,3.7.1.v20120104-1859,"",1522903008466
deactivated,workbench,org.eclipse.ui.workbench,3.7.1.v20120104-1859,"",1522903010174
activated,workbench,org.eclipse.ui.workbench,3.7.1.v20120104-1859,"",1522903014108
deactivated,workbench,org.eclipse.ui.workbench,3.7.1.v20120104-1859,"",1522903016483
activated,workbench,org.eclipse.ui.workbench,3.7.1.v20120104-1859,"",1522903047547
deactivated,workbench,org.eclipse.ui.workbench,3.7.1.v20120104-1859,"",1522903048233
activated,workbench,org.eclipse.ui.workbench,3.7.1.v20120104-1859,"",1522903051998
error,log,,,"Project Ass1 is closed",1522903058128
deactivated,workbench,org.eclipse.ui.workbench,3.7.1.v20120104-1859,"",1522903058160
activated,workbench,org.eclipse.ui.workbench,3.7.1.v20120104-1859,"",1522903058441
activated,editor,org.eclipse.cdt.ui,5.3.2.201202111925,"org.eclipse.cdt.ui.editor.CEditor",1522903058451
deactivated,workbench,org.eclipse.ui.workbench,3.7.1.v20120104-1859,"",1522903061762
activated,workbench,org.eclipse.ui.workbench,3.7.1.v20120104-1859,"",1522903061832
activated,view,org.eclipse.ui.navigator.resources,3.4.300.v20110928-1505,"org.eclipse.ui.navigator.ProjectExplorer",1522903064482
deactivated,workbench,org.eclipse.ui.workbench,3.7.1.v20120104-1859,"",1522903068593
activated,workbench,org.eclipse.ui.workbench,3.7.1.v20120104-1859,"",1522903071613
executed,command,,,"com.altera.sbtgui.launch.hardware.Nios2HardwareLaunchShortcut.run",1522903072496
deactivated,workbench,org.eclipse.ui.workbench,3.7.1.v20120104-1859,"",1522903072625
activated,view,com.altera.sbtgui.launch,13.0.0.156,"com.altera.sbtgui.launch.hardware.ByteStreamConsoleView",1522903075499
activated,workbench,org.eclipse.ui.workbench,3.7.1.v20120104-1859,"",1522903075765
activated,view,org.eclipse.ui.console,3.5.100.v20111007_r372,"org.eclipse.ui.console.ConsoleView",1522903075765
error,log,,,"Failed Executing: [nios2-download, '--cable=USB-Blaster on localhost [USB-0]', --device=1, --instance=0, --go, --sidp=0x430f0, --id=0x7, --timestamp=1393900972, /cygdrive/d/CS723-A1/workspace/software/vgatrial/vgatrial.elf] return code: 127",1522903083323
error,log,,,"Downloading ELF Process failed",1522903083323
deactivated,workbench,org.eclipse.ui.workbench,3.7.1.v20120104-1859,"",1522903083343
activated,workbench,org.eclipse.ui.workbench,3.7.1.v20120104-1859,"",1522903087182
activated,view,com.altera.sbtgui.launch,13.0.0.156,"com.altera.sbtgui.launch.hardware.ByteStreamConsoleView",1522903094150
activated,view,org.eclipse.ui.console,3.5.100.v20111007_r372,"org.eclipse.ui.console.ConsoleView",1522903094461
deactivated,workbench,org.eclipse.ui.workbench,3.7.1.v20120104-1859,"",1522903094773
activated,workbench,org.eclipse.ui.workbench,3.7.1.v20120104-1859,"",1522903096826
error,log,,,"Failed Executing: [nios2-download, '--cable=USB-Blaster on localhost [USB-0]', --device=1, --instance=0, --stop, --sidp=0x430f0, --id=0x7, --timestamp=1393900972] return code: 127",1522903097580
deactivated,workbench,org.eclipse.ui.workbench,3.7.1.v20120104-1859,"",1522903098105
activated,workbench,org.eclipse.ui.workbench,3.7.1.v20120104-1859,"",1522903098877
deactivated,workbench,org.eclipse.ui.workbench,3.7.1.v20120104-1859,"",1522903099958
activated,workbench,org.eclipse.ui.workbench,3.7.1.v20120104-1859,"",1522903100588
deactivated,workbench,org.eclipse.ui.workbench,3.7.1.v20120104-1859,"",1522903100880
activated,workbench,org.eclipse.ui.workbench,3.7.1.v20120104-1859,"",1522903101700
deactivated,workbench,org.eclipse.ui.workbench,3.7.1.v20120104-1859,"",1522903102304
activated,workbench,org.eclipse.ui.workbench,3.7.1.v20120104-1859,"",1522903102970
activated,view,com.altera.sbtgui.launch,13.0.0.156,"com.altera.sbtgui.launch.hardware.ByteStreamConsoleView",1522903103210
activated,editor,org.eclipse.cdt.ui,5.3.2.201202111925,"org.eclipse.cdt.ui.editor.CEditor",1522903136187
deactivated,workbench,org.eclipse.ui.workbench,3.7.1.v20120104-1859,"",1522903149874
activated,workbench,org.eclipse.ui.workbench,3.7.1.v20120104-1859,"",1522903150434
deactivated,workbench,org.eclipse.ui.workbench,3.7.1.v20120104-1859,"",1522903150946
activated,workbench,org.eclipse.ui.workbench,3.7.1.v20120104-1859,"",1522903152627
deactivated,workbench,org.eclipse.ui.workbench,3.7.1.v20120104-1859,"",1522903155006
activated,workbench,org.eclipse.ui.workbench,3.7.1.v20120104-1859,"",1522903157394
activated,view,org.eclipse.ui.navigator.resources,3.4.300.v20110928-1505,"org.eclipse.ui.navigator.ProjectExplorer",1522903160221
opened,editor,org.eclipse.cdt.ui,5.3.2.201202111925,"org.eclipse.cdt.ui.editor.CEditor",1522903171227
activated,editor,org.eclipse.cdt.ui,5.3.2.201202111925,"org.eclipse.cdt.ui.editor.CEditor",1522903171377
activated,editor,org.eclipse.cdt.ui,5.3.2.201202111925,"org.eclipse.cdt.ui.editor.CEditor",1522903183048
activated,editor,org.eclipse.cdt.ui,5.3.2.201202111925,"org.eclipse.cdt.ui.editor.CEditor",1522903195165
activated,editor,org.eclipse.cdt.ui,5.3.2.201202111925,"org.eclipse.cdt.ui.editor.CEditor",1522903196908
activated,editor,org.eclipse.cdt.ui,5.3.2.201202111925,"org.eclipse.cdt.ui.editor.CEditor",1522903198023
executed,command,org.eclipse.ui,3.7.0.v20110928-1505,"org.eclipse.ui.file.save",1522903205078
activated,editor,org.eclipse.cdt.ui,5.3.2.201202111925,"org.eclipse.cdt.ui.editor.CEditor",1522903214671
activated,editor,org.eclipse.cdt.ui,5.3.2.201202111925,"org.eclipse.cdt.ui.editor.CEditor",1522903216995
activated,editor,org.eclipse.cdt.ui,5.3.2.201202111925,"org.eclipse.cdt.ui.editor.CEditor",1522903218365
activated,editor,org.eclipse.cdt.ui,5.3.2.201202111925,"org.eclipse.cdt.ui.editor.CEditor",1522903232720
activated,editor,org.eclipse.cdt.ui,5.3.2.201202111925,"org.eclipse.cdt.ui.editor.CEditor",1522903234463
activated,editor,org.eclipse.cdt.ui,5.3.2.201202111925,"org.eclipse.cdt.ui.editor.CEditor",1522903238394
activated,editor,org.eclipse.cdt.ui,5.3.2.201202111925,"org.eclipse.cdt.ui.editor.CEditor",1522903241841
activated,editor,org.eclipse.cdt.ui,5.3.2.201202111925,"org.eclipse.cdt.ui.editor.CEditor",1522903246753
activated,editor,org.eclipse.cdt.ui,5.3.2.201202111925,"org.eclipse.cdt.ui.editor.CEditor",1522903251043
executed,command,org.eclipse.ui,3.7.0.v20110928-1505,"org.eclipse.ui.edit.copy",1522903253400
activated,editor,org.eclipse.cdt.ui,5.3.2.201202111925,"org.eclipse.cdt.ui.editor.CEditor",1522903254230
executed,command,org.eclipse.ui,3.7.0.v20110928-1505,"org.eclipse.ui.edit.paste",1522903255968
activated,editor,org.eclipse.cdt.ui,5.3.2.201202111925,"org.eclipse.cdt.ui.editor.CEditor",1522903269317
executed,command,org.eclipse.ui,3.7.0.v20110928-1505,"org.eclipse.ui.edit.copy",1522903271455
activated,editor,org.eclipse.cdt.ui,5.3.2.201202111925,"org.eclipse.cdt.ui.editor.CEditor",1522903272185
executed,command,org.eclipse.ui,3.7.0.v20110928-1505,"org.eclipse.ui.edit.paste",1522903274234
executed,command,org.eclipse.ui,3.7.0.v20110928-1505,"org.eclipse.ui.file.save",1522903278022
activated,editor,org.eclipse.cdt.ui,5.3.2.201202111925,"org.eclipse.cdt.ui.editor.CEditor",1522903278816
activated,editor,org.eclipse.cdt.ui,5.3.2.201202111925,"org.eclipse.cdt.ui.editor.CEditor",1522903281729
activated,editor,org.eclipse.cdt.ui,5.3.2.201202111925,"org.eclipse.cdt.ui.editor.CEditor",1522903283477
activated,view,org.eclipse.ui.navigator.resources,3.4.300.v20110928-1505,"org.eclipse.ui.navigator.ProjectExplorer",1522903309794
opened,editor,org.eclipse.cdt.ui,5.3.2.201202111925,"org.eclipse.cdt.ui.editor.CEditor",1522903314224
activated,editor,org.eclipse.cdt.ui,5.3.2.201202111925,"org.eclipse.cdt.ui.editor.CEditor",1522903314374
deactivated,workbench,org.eclipse.ui.workbench,3.7.1.v20120104-1859,"",1522903321804
executed,command,org.eclipse.ui,3.7.0.v20110928-1505,"org.eclipse.ui.edit.findReplace",1522903321864
activated,workbench,org.eclipse.ui.workbench,3.7.1.v20120104-1859,"",1522903331459
activated,editor,org.eclipse.cdt.ui,5.3.2.201202111925,"org.eclipse.cdt.ui.editor.CEditor",1522903332996
activated,editor,org.eclipse.cdt.ui,5.3.2.201202111925,"org.eclipse.cdt.ui.editor.CEditor",1522903339753
executed,command,org.eclipse.ui,3.7.0.v20110928-1505,"org.eclipse.ui.edit.copy",1522903402539
deactivated,workbench,org.eclipse.ui.workbench,3.7.1.v20120104-1859,"",1522903403131
activated,workbench,org.eclipse.ui.workbench,3.7.1.v20120104-1859,"",1522903424034
activated,editor,org.eclipse.cdt.ui,5.3.2.201202111925,"org.eclipse.cdt.ui.editor.CEditor",1522903432852
activated,editor,org.eclipse.cdt.ui,5.3.2.201202111925,"org.eclipse.cdt.ui.editor.CEditor",1522903442345
executed,command,org.eclipse.ui,3.7.0.v20110928-1505,"org.eclipse.ui.edit.copy",1522903449499
activated,editor,org.eclipse.cdt.ui,5.3.2.201202111925,"org.eclipse.cdt.ui.editor.CEditor",1522903450322
executed,command,org.eclipse.ui,3.7.0.v20110928-1505,"org.eclipse.ui.edit.paste",1522903455125
executed,command,org.eclipse.ui,3.7.0.v20110928-1505,"org.eclipse.ui.edit.copy",1522903471760
executed,command,org.eclipse.ui,3.7.0.v20110928-1505,"org.eclipse.ui.edit.paste",1522903472936
executed,command,org.eclipse.ui,3.7.0.v20110928-1505,"org.eclipse.ui.edit.delete",1522903473807
executed,command,org.eclipse.ui,3.7.0.v20110928-1505,"org.eclipse.ui.edit.delete",1522903473987
executed,command,org.eclipse.ui,3.7.0.v20110928-1505,"org.eclipse.ui.edit.copy",1522903477774
executed,command,org.eclipse.ui,3.7.0.v20110928-1505,"org.eclipse.ui.edit.paste",1522903478624
executed,command,org.eclipse.ui,3.7.0.v20110928-1505,"org.eclipse.ui.edit.paste",1522903479451
executed,command,org.eclipse.ui,3.7.0.v20110928-1505,"org.eclipse.ui.file.save",1522903480193
executed,command,org.eclipse.ui,3.7.0.v20110928-1505,"org.eclipse.ui.edit.cut",1522903487840
executed,command,org.eclipse.ui,3.7.0.v20110928-1505,"org.eclipse.ui.edit.paste",1522903489142
executed,command,org.eclipse.ui,3.7.0.v20110928-1505,"org.eclipse.ui.edit.undo",1522903490242
executed,command,org.eclipse.ui,3.7.0.v20110928-1505,"org.eclipse.ui.edit.paste",1522903493030
executed,command,org.eclipse.ui,3.7.0.v20110928-1505,"org.eclipse.ui.edit.undo",1522903495586
executed,command,org.eclipse.ui,3.7.0.v20110928-1505,"org.eclipse.ui.edit.paste",1522903497161
executed,command,org.eclipse.ui,3.7.0.v20110928-1505,"org.eclipse.ui.file.save",1522903514246
activated,editor,org.eclipse.cdt.ui,5.3.2.201202111925,"org.eclipse.cdt.ui.editor.CEditor",1522903515431
activated,editor,org.eclipse.cdt.ui,5.3.2.201202111925,"org.eclipse.cdt.ui.editor.CEditor",1522903543881
activated,editor,org.eclipse.cdt.ui,5.3.2.201202111925,"org.eclipse.cdt.ui.editor.CEditor",1522903546148
activated,editor,org.eclipse.cdt.ui,5.3.2.201202111925,"org.eclipse.cdt.ui.editor.CEditor",1522903548857
executed,command,org.eclipse.ui,3.7.0.v20110928-1505,"org.eclipse.ui.file.save",1522903551300
executed,command,org.eclipse.ui,3.7.0.v20110928-1505,"org.eclipse.ui.file.save",1522903554628
activated,view,com.altera.sbtgui.launch,13.0.0.156,"com.altera.sbtgui.launch.hardware.ByteStreamConsoleView",1522903561326
activated,view,org.eclipse.ui.console,3.5.100.v20111007_r372,"org.eclipse.ui.console.ConsoleView",1522903561586
activated,view,com.altera.sbtgui.launch,13.0.0.156,"com.altera.sbtgui.launch.hardware.ByteStreamConsoleView",1522903570380
activated,editor,org.eclipse.cdt.ui,5.3.2.201202111925,"org.eclipse.cdt.ui.editor.CEditor",1522903574578
executed,command,org.eclipse.ui,3.7.0.v20110928-1505,"org.eclipse.ui.file.save",1522903593324
executed,command,org.eclipse.debug.ui,3.7.102.v20111129-1423_r372,"org.eclipse.debug.ui.commands.RunLast",1522903593986
activated,view,com.altera.sbtgui.launch,13.0.0.156,"com.altera.sbtgui.launch.hardware.ByteStreamConsoleView",1522903596814
activated,view,org.eclipse.ui.console,3.5.100.v20111007_r372,"org.eclipse.ui.console.ConsoleView",1522903597083
activated,view,com.altera.sbtgui.launch,13.0.0.156,"com.altera.sbtgui.launch.hardware.ByteStreamConsoleView",1522903605880
deactivated,workbench,org.eclipse.ui.workbench,3.7.1.v20120104-1859,"",1522903610917
activated,workbench,org.eclipse.ui.workbench,3.7.1.v20120104-1859,"",1522903612390
activated,editor,org.eclipse.cdt.ui,5.3.2.201202111925,"org.eclipse.cdt.ui.editor.CEditor",1522903619842
executed,command,org.eclipse.ui,3.7.0.v20110928-1505,"org.eclipse.ui.edit.copy",1522903620462
executed,command,org.eclipse.ui,3.7.0.v20110928-1505,"org.eclipse.ui.edit.paste",1522903621614
executed,command,org.eclipse.ui,3.7.0.v20110928-1505,"org.eclipse.ui.file.save",1522903628858
activated,editor,org.eclipse.cdt.ui,5.3.2.201202111925,"org.eclipse.cdt.ui.editor.CEditor",1522903633936
activated,editor,org.eclipse.cdt.ui,5.3.2.201202111925,"org.eclipse.cdt.ui.editor.CEditor",1522903634881
activated,view,com.altera.sbtgui.launch,13.0.0.156,"com.altera.sbtgui.launch.hardware.ByteStreamConsoleView",1522903639534
activated,view,org.eclipse.ui.console,3.5.100.v20111007_r372,"org.eclipse.ui.console.ConsoleView",1522903639854
activated,editor,org.eclipse.cdt.ui,5.3.2.201202111925,"org.eclipse.cdt.ui.editor.CEditor",1522903644266
activated,editor,org.eclipse.cdt.ui,5.3.2.201202111925,"org.eclipse.cdt.ui.editor.CEditor",1522903644858
deactivated,workbench,org.eclipse.ui.workbench,3.7.1.v20120104-1859,"",1522903649305
activated,workbench,org.eclipse.ui.workbench,3.7.1.v20120104-1859,"",1522903650560
deactivated,workbench,org.eclipse.ui.workbench,3.7.1.v20120104-1859,"",1522903655087
activated,workbench,org.eclipse.ui.workbench,3.7.1.v20120104-1859,"",1522903656539
activated,editor,org.eclipse.cdt.ui,5.3.2.201202111925,"org.eclipse.cdt.ui.editor.CEditor",1522903658779
activated,editor,org.eclipse.cdt.ui,5.3.2.201202111925,"org.eclipse.cdt.ui.editor.CEditor",1522903699760
activated,editor,org.eclipse.cdt.ui,5.3.2.201202111925,"org.eclipse.cdt.ui.editor.CEditor",1522903707223
activated,editor,org.eclipse.cdt.ui,5.3.2.201202111925,"org.eclipse.cdt.ui.editor.CEditor",1522903710803
executed,command,org.eclipse.ui,3.7.0.v20110928-1505,"org.eclipse.ui.edit.delete",1522903727694
executed,command,org.eclipse.ui,3.7.0.v20110928-1505,"org.eclipse.ui.file.save",1522903729441
executed,command,org.eclipse.ui,3.7.0.v20110928-1505,"org.eclipse.ui.file.save",1522903738749
activated,view,com.altera.sbtgui.launch,13.0.0.156,"com.altera.sbtgui.launch.hardware.ByteStreamConsoleView",1522903747494
activated,view,org.eclipse.ui.console,3.5.100.v20111007_r372,"org.eclipse.ui.console.ConsoleView",1522903747814
activated,view,com.altera.sbtgui.launch,13.0.0.156,"com.altera.sbtgui.launch.hardware.ByteStreamConsoleView",1522903756550
deactivated,workbench,org.eclipse.ui.workbench,3.7.1.v20120104-1859,"",1522903764452
activated,workbench,org.eclipse.ui.workbench,3.7.1.v20120104-1859,"",1522903766435
activated,editor,org.eclipse.cdt.ui,5.3.2.201202111925,"org.eclipse.cdt.ui.editor.CEditor",1522903767169
executed,command,org.eclipse.ui,3.7.0.v20110928-1505,"org.eclipse.ui.file.save",1522903770067
executed,command,org.eclipse.ui,3.7.0.v20110928-1505,"org.eclipse.ui.file.save",1522903783433
activated,view,com.altera.sbtgui.launch,13.0.0.156,"com.altera.sbtgui.launch.hardware.ByteStreamConsoleView",1522903788181
activated,view,org.eclipse.ui.console,3.5.100.v20111007_r372,"org.eclipse.ui.console.ConsoleView",1522903788481
error,log,,,"Failed Executing: [nios2-download, '--cable=USB-Blaster on localhost [USB-0]', --device=1, --instance=0, --stop, --sidp=0x430f0, --id=0x7, --timestamp=1393900972] return code: 127",1522903791531
deactivated,workbench,org.eclipse.ui.workbench,3.7.1.v20120104-1859,"",1522903796903
activated,view,com.altera.sbtgui.launch,13.0.0.156,"com.altera.sbtgui.launch.hardware.ByteStreamConsoleView",1522903797153
activated,workbench,org.eclipse.ui.workbench,3.7.1.v20120104-1859,"",1522903798441
activated,editor,org.eclipse.cdt.ui,5.3.2.201202111925,"org.eclipse.cdt.ui.editor.CEditor",1522903799916
executed,command,org.eclipse.ui,3.7.0.v20110928-1505,"org.eclipse.ui.edit.delete",1522903808606
executed,command,org.eclipse.ui,3.7.0.v20110928-1505,"org.eclipse.ui.file.save",1522903812289
executed,command,org.eclipse.ui.ide,3.7.0.v20110928-1505,"org.eclipse.ui.project.buildAll",1522903816451
deactivated,workbench,org.eclipse.ui.workbench,3.7.1.v20120104-1859,"",1522903816761
activated,workbench,org.eclipse.ui.workbench,3.7.1.v20120104-1859,"",1522903824253
deactivated,workbench,org.eclipse.ui.workbench,3.7.1.v20120104-1859,"",1522903830197
activated,workbench,org.eclipse.ui.workbench,3.7.1.v20120104-1859,"",1522903831870
activated,view,org.eclipse.ui.ide,3.7.0.v20110928-1505,"org.eclipse.ui.views.ProblemView",1522903834579
deactivated,workbench,org.eclipse.ui.workbench,3.7.1.v20120104-1859,"",1522903847908
activated,workbench,org.eclipse.ui.workbench,3.7.1.v20120104-1859,"",1522903849582
activated,view,com.altera.sbtgui.launch,13.0.0.156,"com.altera.sbtgui.launch.hardware.ByteStreamConsoleView",1522903850482
activated,view,org.eclipse.ui.console,3.5.100.v20111007_r372,"org.eclipse.ui.console.ConsoleView",1522903850817
activated,view,org.eclipse.ui.ide,3.7.0.v20110928-1505,"org.eclipse.ui.views.ProblemView",1522903852091
activated,view,org.eclipse.ui.console,3.5.100.v20111007_r372,"org.eclipse.ui.console.ConsoleView",1522903853044
activated,editor,org.eclipse.cdt.ui,5.3.2.201202111925,"org.eclipse.cdt.ui.editor.CEditor",1522903854861
activated,view,org.eclipse.ui.navigator.resources,3.4.300.v20110928-1505,"org.eclipse.ui.navigator.ProjectExplorer",1522903868219
deactivated,workbench,org.eclipse.ui.workbench,3.7.1.v20120104-1859,"",1522903868469
activated,workbench,org.eclipse.ui.workbench,3.7.1.v20120104-1859,"",1522903869898
closed,editor,org.eclipse.cdt.ui,5.3.2.201202111925,"org.eclipse.cdt.ui.editor.CEditor",1522903874414
closed,editor,org.eclipse.cdt.ui,5.3.2.201202111925,"org.eclipse.cdt.ui.editor.CEditor",1522903878286
deactivated,workbench,org.eclipse.ui.workbench,3.7.1.v20120104-1859,"",1522903883225
activated,workbench,org.eclipse.ui.workbench,3.7.1.v20120104-1859,"",1522903885074
activated,view,org.eclipse.ui.ide,3.7.0.v20110928-1505,"org.eclipse.ui.views.ProblemView",1522903886054
activated,editor,org.eclipse.cdt.ui,5.3.2.201202111925,"org.eclipse.cdt.ui.editor.CEditor",1522903890634
activated,view,org.eclipse.ui.ide,3.7.0.v20110928-1505,"org.eclipse.ui.views.ProblemView",1522903893192
activated,editor,org.eclipse.cdt.ui,5.3.2.201202111925,"org.eclipse.cdt.ui.editor.CEditor",1522903894323
deactivated,workbench,org.eclipse.ui.workbench,3.7.1.v20120104-1859,"",1522903902062
activated,workbench,org.eclipse.ui.workbench,3.7.1.v20120104-1859,"",1522903903134
closed,workbench,org.eclipse.ui.workbench,3.7.1.v20120104-1859,"",1522903903254
stopped,bundle,org.eclipse.cdt.build.crossgcc,1.0.2.201202111925,"org.eclipse.cdt.build.crossgcc",1522903903595
stopped,bundle,org.eclipse.cdt.codan.checkers.ui,1.0.0.201202111925,"org.eclipse.cdt.codan.checkers.ui",1522903903595
stopped,bundle,com.altera.debug.cdi.gdb.plugin,13.0.0.156,"com.altera.debug.cdi.gdb.plugin",1522903903595
stopped,bundle,com.altera.sbtgui.launch,13.0.0.156,"com.altera.sbtgui.launch",1522903904595
stopped,bundle,com.altera.sbtgui.ui,13.0.0.156,"com.altera.sbtgui.ui",1522903904595
stopped,bundle,com.altera.sbtgui.project,13.0.0.156,"com.altera.sbtgui.project",1522903904595
stopped,bundle,org.eclipse.cdt.codan.checkers,1.0.1.201202111925,"org.eclipse.cdt.codan.checkers",1522903904595
stopped,bundle,org.eclipse.cdt.codan.ui.cxx,2.0.0.201202111925,"org.eclipse.cdt.codan.ui.cxx",1522903904595
stopped,bundle,org.eclipse.cdt.codan.core.cxx,1.0.0.201202111925,"org.eclipse.cdt.codan.core.cxx",1522903904595
stopped,bundle,org.eclipse.cdt.launch.remote,2.3.0.201202111925,"org.eclipse.cdt.launch.remote",1522903904595
stopped,bundle,org.eclipse.cdt.debug.mi.ui,6.1.1.201202111925,"org.eclipse.cdt.debug.mi.ui",1522903904595
stopped,bundle,org.eclipse.cdt.debug.mi.core,7.1.1.201202111925,"org.eclipse.cdt.debug.mi.core",1522903904595
stopped,bundle,org.eclipse.cdt.debug.ui.memory.memorybrowser,1.2.100.201202111925,"org.eclipse.cdt.debug.ui.memory.memorybrowser",1522903904595
stopped,bundle,org.eclipse.cdt.debug.ui.memory.search,1.2.1.201202111925,"org.eclipse.cdt.debug.ui.memory.search",1522903904595
stopped,bundle,org.eclipse.cdt.dsf.gdb.ui,2.2.1.201202111925,"org.eclipse.cdt.dsf.gdb.ui",1522903904595
stopped,bundle,org.eclipse.cdt.dsf.ui,2.2.1.201202111925,"org.eclipse.cdt.dsf.ui",1522903904595
stopped,bundle,org.eclipse.cdt.gdb.ui,7.0.0.201202111925,"org.eclipse.cdt.gdb.ui",1522903904595
stopped,bundle,org.eclipse.cdt.dsf.gdb,4.0.2.201202111925,"org.eclipse.cdt.dsf.gdb",1522903904595
stopped,bundle,org.eclipse.cdt.launch,7.0.0.201202111925,"org.eclipse.cdt.launch",1522903904595
stopped,bundle,org.eclipse.cdt.debug.ui,7.1.2.201202111925,"org.eclipse.cdt.debug.ui",1522903904595
stopped,bundle,org.eclipse.cdt.debug.ui.memory.traditional,1.2.1.201202111925,"org.eclipse.cdt.debug.ui.memory.traditional",1522903904595
stopped,bundle,org.eclipse.cdt.dsf,2.2.0.201202111925,"org.eclipse.cdt.dsf",1522903904595
stopped,bundle,org.eclipse.cdt.debug.core,7.1.0.201202111925,"org.eclipse.cdt.debug.core",1522903904595
stopped,bundle,org.eclipse.linuxtools.cdt.autotools.ui,1.0.1.201202152032,"org.eclipse.linuxtools.cdt.autotools.ui",1522903904595
stopped,bundle,org.eclipse.linuxtools.cdt.autotools.core,1.0.2.201202152032,"org.eclipse.linuxtools.cdt.autotools.core",1522903904595
stopped,bundle,org.eclipse.cdt.managedbuilder.ui,8.0.2.201202111925,"org.eclipse.cdt.managedbuilder.ui",1522903904595
stopped,bundle,org.eclipse.cdt.make.ui,7.1.2.201202111925,"org.eclipse.cdt.make.ui",1522903904595
stopped,bundle,org.eclipse.cdt.managedbuilder.gnu.ui,8.0.2.201202111925,"org.eclipse.cdt.managedbuilder.gnu.ui",1522903904595
stopped,bundle,org.eclipse.cdt.msw.build,1.0.0.201202111925,"org.eclipse.cdt.msw.build",1522903904595
stopped,bundle,org.eclipse.cdt.managedbuilder.core,8.0.2.201202111925,"org.eclipse.cdt.managedbuilder.core",1522903904595
stopped,bundle,org.eclipse.cdt.make.core,7.1.2.201202111925,"org.eclipse.cdt.make.core",1522903904595
stopped,bundle,org.eclipse.cdt.mylyn.ui,3.6.0.v20110608-1400,"org.eclipse.cdt.mylyn.ui",1522903904595
stopped,bundle,org.eclipse.cdt.codan.ui,2.0.1.201202111925,"org.eclipse.cdt.codan.ui",1522903904595
